f407bd,127.0.0.1,GET,http://bolt-site.localhost/async/dashboardnews,1400057959,c21218
e2a8f6,127.0.0.1,GET,http://bolt-site.localhost/async/showstack?items=7&options=full,1400057959,c21218
b6f106,127.0.0.1,GET,http://bolt-site.localhost/async/latestactivity,1400057964,c21218
c21218,127.0.0.1,GET,http://bolt-site.localhost/backend/,1400057964,
7bba95,127.0.0.1,GET,http://bolt-site.localhost/async/lastmodified/news/24,1400057965,ce404b
7b4462,127.0.0.1,GET,http://bolt-site.localhost/async/showstack?items=5&options=full,1400057965,ce404b
ce404b,127.0.0.1,GET,http://bolt-site.localhost/backend/editcontent/news/24,1400057965,
86a1a5,127.0.0.1,GET,http://bolt-site.localhost/async/lastmodified/pages,1400057971,b8dec8
31a92b,127.0.0.1,GET,http://bolt-site.localhost/async/showstack?items=5&options=full,1400057971,b8dec8
b8dec8,127.0.0.1,GET,http://bolt-site.localhost/backend/overview/pages,1400057971,
efd217,127.0.0.1,GET,http://bolt-site.localhost/async/lastmodified/homepage,1400057973,4fb9a8
a015c9,127.0.0.1,GET,http://bolt-site.localhost/async/showstack?items=5&options=full,1400057973,4fb9a8
4fb9a8,127.0.0.1,GET,http://bolt-site.localhost/backend/overview/homepage,1400057973,
b9ebb7,127.0.0.1,GET,http://bolt-site.localhost/async/lastmodified/homepage/1,1400057975,b90352
2a5638,127.0.0.1,GET,http://bolt-site.localhost/async/showstack?items=5&options=full,1400057975,b90352
b90352,127.0.0.1,GET,http://bolt-site.localhost/backend/editcontent/homepage/1,1400057975,
3e2331,127.0.0.1,GET,http://bolt-site.localhost/async/makeuri?contenttypeslug=homepage&fulluri=false&id=1&title=Bolt%20-%20content%20management%20%281.6.0%29%20,1400057982,
a03200,127.0.0.1,GET,http://bolt-site.localhost/async/lastmodified/homepage,1400057986,08c559
030545,127.0.0.1,GET,http://bolt-site.localhost/async/showstack?items=5&options=full,1400057986,08c559
08c559,127.0.0.1,GET,http://bolt-site.localhost/backend/overview/homepage,1400057986,
ff360c,127.0.0.1,GET,http://bolt-site.localhost/async/lastmodified/homepage,1400058009,e29543
48686f,127.0.0.1,GET,http://bolt-site.localhost/async/showstack?items=5&options=full,1400058009,e29543
e29543,127.0.0.1,GET,http://bolt-site.localhost/backend/overview/homepage,1400058009,
e7fd07,127.0.0.1,GET,http://bolt-site.localhost/newsitem/bolt-160-released,1400058026,
f44188,127.0.0.1,GET,http://bolt-site.localhost/page/news,1400058245,
296d5a,127.0.0.1,GET,http://bolt-site.localhost/async/dashboardnews,1400058295,70c897
9a9b8c,127.0.0.1,GET,http://bolt-site.localhost/async/showstack?items=7&options=full,1400058295,70c897
305557,127.0.0.1,GET,http://bolt-site.localhost/async/latestactivity,1400058310,70c897
70c897,127.0.0.1,GET,http://bolt-site.localhost/backend/,1400058310,
21b1f8,127.0.0.1,GET,http://bolt-site.localhost/async/lastmodified/news/24,1400058310,23fef5
94ecb8,127.0.0.1,GET,http://bolt-site.localhost/async/showstack?items=5&options=full,1400058310,23fef5
23fef5,127.0.0.1,GET,http://bolt-site.localhost/backend/editcontent/news/24,1400058310,
6e5084,127.0.0.1,GET,http://bolt-site.localhost/page/news,1400058318,
b0be3b,127.0.0.1,GET,http://bolt-site.localhost/async/lastmodified/news/24,1400058328,fcad01
2c2386,127.0.0.1,GET,http://bolt-site.localhost/async/showstack?items=5&options=full,1400058328,fcad01
fcad01,127.0.0.1,GET,http://bolt-site.localhost/backend/editcontent/news/24,1400058328,
df6335,127.0.0.1,GET,http://bolt-site.localhost/async/dashboardnews,1400058333,1a325f
ac62b5,127.0.0.1,GET,http://bolt-site.localhost/async/showstack?items=7&options=full,1400058333,1a325f
64dc04,127.0.0.1,GET,http://bolt-site.localhost/async/latestactivity,1400058333,1a325f
1a325f,127.0.0.1,GET,http://bolt-site.localhost/backend/,1400058333,
1952fd,127.0.0.1,GET,http://bolt-site.localhost/async/lastmodified/news/24,1400058339,227e14
a21315,127.0.0.1,GET,http://bolt-site.localhost/async/showstack?items=5&options=full,1400058339,227e14
227e14,127.0.0.1,GET,http://bolt-site.localhost/backend/editcontent/news/24,1400058339,
3e2559,127.0.0.1,GET,http://bolt-site.localhost/async/dashboardnews,1400058345,9975af
1a4827,127.0.0.1,GET,http://bolt-site.localhost/async/showstack?items=7&options=full,1400058345,9975af
43de7a,127.0.0.1,GET,http://bolt-site.localhost/async/latestactivity,1400058345,9975af
9975af,127.0.0.1,GET,http://bolt-site.localhost/backend/,1400058345,
be4200,127.0.0.1,GET,http://bolt-site.localhost/async/lastmodified/news/24,1400058347,19664e
52b08d,127.0.0.1,GET,http://bolt-site.localhost/async/showstack?items=5&options=full,1400058347,19664e
19664e,127.0.0.1,GET,http://bolt-site.localhost/backend/editcontent/news/24,1400058347,
1fbcd2,127.0.0.1,GET,http://bolt-site.localhost/async/dashboardnews,1400058354,b1476d
61287c,127.0.0.1,GET,http://bolt-site.localhost/async/showstack?items=7&options=full,1400058354,b1476d
b160f9,127.0.0.1,GET,http://bolt-site.localhost/async/latestactivity,1400058354,b1476d
b1476d,127.0.0.1,GET,http://bolt-site.localhost/backend/,1400058354,
b4c5ab,127.0.0.1,GET,http://bolt-site.localhost/async/dashboardnews,1400058356,42f452
03d0a4,127.0.0.1,GET,http://bolt-site.localhost/async/showstack?items=7&options=full,1400058357,42f452
6c3e92,127.0.0.1,GET,http://bolt-site.localhost/async/latestactivity,1400058357,42f452
42f452,127.0.0.1,GET,http://bolt-site.localhost/backend/,1400058357,
f918fa,127.0.0.1,GET,http://bolt-site.localhost/async/lastmodified/news/24,1400058357,c72a2e
129aca,127.0.0.1,GET,http://bolt-site.localhost/async/showstack?items=5&options=full,1400058357,c72a2e
c72a2e,127.0.0.1,GET,http://bolt-site.localhost/backend/editcontent/news/24,1400058357,
bee314,127.0.0.1,GET,http://bolt-site.localhost/async/dashboardnews,1400058373,9c4930
b802dc,127.0.0.1,GET,http://bolt-site.localhost/async/showstack?items=7&options=full,1400058373,9c4930
cd20f8,127.0.0.1,GET,http://bolt-site.localhost/async/latestactivity,1400058373,9c4930
9c4930,127.0.0.1,GET,http://bolt-site.localhost/backend/,1400058373,
34d9c8,127.0.0.1,GET,http://bolt-site.localhost/async/dashboardnews,1400058376,6d82be
96da5a,127.0.0.1,GET,http://bolt-site.localhost/async/showstack?items=7&options=full,1400058376,6d82be
ba63ba,127.0.0.1,GET,http://bolt-site.localhost/async/latestactivity,1400058376,6d82be
6d82be,127.0.0.1,GET,http://bolt-site.localhost/backend/,1400058376,
0e35bd,127.0.0.1,GET,http://bolt-site.localhost/async/widget/ff87ae01,1400058377,
cbae7a,127.0.0.1,GET,http://bolt-site.localhost/page/news,1400058377,
eabff5,127.0.0.1,GET,http://bolt-site.localhost/async/dashboardnews,1400058387,ca2b4a
d5b656,127.0.0.1,GET,http://bolt-site.localhost/async/showstack?items=7&options=full,1400058387,ca2b4a
c4735d,127.0.0.1,GET,http://bolt-site.localhost/async/latestactivity,1400058387,ca2b4a
ca2b4a,127.0.0.1,GET,http://bolt-site.localhost/backend/,1400058387,
342607,127.0.0.1,GET,http://bolt-site.localhost/async/widget/ff87ae01,1400058390,
1a3d59,127.0.0.1,GET,http://bolt-site.localhost/async/dashboardnews,1400058393,6dc0b2
1b5011,127.0.0.1,GET,http://bolt-site.localhost/async/showstack?items=7&options=full,1400058393,6dc0b2
2cc3cb,127.0.0.1,GET,http://bolt-site.localhost/async/latestactivity,1400058393,6dc0b2
6dc0b2,127.0.0.1,GET,http://bolt-site.localhost/backend/,1400058393,
20daea,127.0.0.1,GET,http://bolt-site.localhost/async/widget/ff87ae01,1400058396,
9850fc,127.0.0.1,GET,http://bolt-site.localhost/async/lastmodified/news/24,1400058397,c24adb
379c8d,127.0.0.1,GET,http://bolt-site.localhost/async/showstack?items=5&options=full,1400058397,c24adb
c24adb,127.0.0.1,GET,http://bolt-site.localhost/backend/editcontent/news/24,1400058397,
21d990,127.0.0.1,GET,http://bolt-site.localhost/page/news,1400059120,
fdf38a,127.0.0.1,GET,http://bolt-site.localhost/async/dashboardnews,1400059132,f3efa5
9fa733,127.0.0.1,GET,http://bolt-site.localhost/async/showstack?items=7&options=full,1400059132,f3efa5
1e30a9,127.0.0.1,GET,http://bolt-site.localhost/async/latestactivity,1400059137,f3efa5
f3efa5,127.0.0.1,GET,http://bolt-site.localhost/backend/,1400059137,
ae2429,127.0.0.1,GET,http://bolt-site.localhost/async/widget/ff87ae01,1400059138,
5d577e,127.0.0.1,GET,http://bolt-site.localhost/async/latestactivity,1400059158,
db9745,127.0.0.1,GET,http://bolt-site.localhost/async/dashboardnews,1400059181,2959c8
2a2f60,127.0.0.1,GET,http://bolt-site.localhost/async/showstack?items=7&options=full,1400059181,2959c8
99ec67,127.0.0.1,GET,http://bolt-site.localhost/async/latestactivity,1400059181,2959c8
2959c8,127.0.0.1,GET,http://bolt-site.localhost/backend/,1400059181,
4f04ce,127.0.0.1,GET,http://bolt-site.localhost/async/widget/ff87ae01,1400059182,
6c5800,127.0.0.1,GET,http://bolt-site.localhost/async/latestactivity,1400059202,
1a6774,127.0.0.1,GET,http://bolt-site.localhost/async/dashboardnews,1400059208,f43c3c
a2d8df,127.0.0.1,GET,http://bolt-site.localhost/async/showstack?items=7&options=full,1400059208,f43c3c
6d99b8,127.0.0.1,GET,http://bolt-site.localhost/async/latestactivity,1400059208,f43c3c
f43c3c,127.0.0.1,GET,http://bolt-site.localhost/backend/,1400059208,
6c65f4,127.0.0.1,GET,http://bolt-site.localhost/async/widget/ff87ae01,1400059210,
dabeb3,127.0.0.1,GET,http://bolt-site.localhost/async/dashboardnews,1400059230,916a48
9e29a7,127.0.0.1,GET,http://bolt-site.localhost/async/showstack?items=7&options=full,1400059230,916a48
120711,127.0.0.1,GET,http://bolt-site.localhost/async/latestactivity,1400059230,916a48
916a48,127.0.0.1,GET,http://bolt-site.localhost/backend/,1400059230,
017e9b,127.0.0.1,GET,http://bolt-site.localhost/async/widget/ff87ae01,1400059231,
427073,127.0.0.1,GET,http://bolt-site.localhost/async/latestactivity,1400059251,
ded400,127.0.0.1,GET,http://bolt-site.localhost/async/latestactivity,1400059281,
587a8d,127.0.0.1,GET,http://bolt-site.localhost/async/dashboardnews,1400059294,a89679
6067f8,127.0.0.1,GET,http://bolt-site.localhost/async/showstack?items=7&options=full,1400059294,a89679
d72baf,127.0.0.1,GET,http://bolt-site.localhost/async/latestactivity,1400059294,a89679
a89679,127.0.0.1,GET,http://bolt-site.localhost/backend/,1400059294,
ed6fb7,127.0.0.1,GET,http://bolt-site.localhost/async/widget/ff87ae01,1400059296,
523878,127.0.0.1,GET,http://bolt-site.localhost/async/lastmodified/news/24,1400059314,1d72f1
b42e9d,127.0.0.1,GET,http://bolt-site.localhost/async/showstack?items=5&options=full,1400059314,1d72f1
1d72f1,127.0.0.1,GET,http://bolt-site.localhost/backend/editcontent/news/24,1400059314,
e4686b,127.0.0.1,GET,http://bolt-site.localhost/async/dashboardnews,1400059320,d0983a
07d6f7,127.0.0.1,GET,http://bolt-site.localhost/async/showstack?items=7&options=full,1400059320,d0983a
03fe65,127.0.0.1,GET,http://bolt-site.localhost/async/latestactivity,1400059337,d0983a
d0983a,127.0.0.1,GET,http://bolt-site.localhost/backend/,1400059337,
22f54c,127.0.0.1,GET,http://bolt-site.localhost/async/lastmodified/news/24,1400059337,dd5d36
3ec5c7,127.0.0.1,GET,http://bolt-site.localhost/async/showstack?items=5&options=full,1400059337,dd5d36
dd5d36,127.0.0.1,GET,http://bolt-site.localhost/backend/editcontent/news/24,1400059337,
9716b3,127.0.0.1,GET,http://bolt-site.localhost/async/lastmodified/news/24,1400059337,fea9ba
8e99ae,127.0.0.1,GET,http://bolt-site.localhost/async/showstack?items=5&options=full,1400059337,fea9ba
fea9ba,127.0.0.1,GET,http://bolt-site.localhost/backend/editcontent/news/24,1400059337,
766a96,127.0.0.1,GET,http://bolt-site.localhost/page/news,1400059354,
4ce856,127.0.0.1,GET,http://bolt-site.localhost/newsitem/bolt-160-released,1400059356,
b966e2,127.0.0.1,GET,http://bolt-site.localhost/newsitem/bolt-160-released,1400060038,
606bcf,127.0.0.1,GET,http://bolt-site.localhost/backend/activitylog,1400060347,
2a0961,127.0.0.1,GET,http://bolt-site.localhost/backend/activitylog?action=clear,1400060354,
5c7ccc,127.0.0.1,GET,http://bolt-site.localhost/backend/activitylog,1400060354,
e4bf95,127.0.0.1,GET,http://bolt-site.localhost/async/dashboardnews,1400061610,e5de21
f9d4ea,127.0.0.1,GET,http://bolt-site.localhost/async/showstack?items=7&options=full,1400061610,e5de21
4b4c3e,127.0.0.1,GET,http://bolt-site.localhost/async/latestactivity,1400061617,e5de21
e5de21,127.0.0.1,GET,http://bolt-site.localhost/backend/,1400061618,
b3a1e3,127.0.0.1,GET,http://bolt-site.localhost/async/widget/ff87ae01,1400061620,
b9652d,127.0.0.1,GET,http://bolt-site.localhost/async/lastmodified/news/24,1400061626,d2e468
74db91,127.0.0.1,GET,http://bolt-site.localhost/async/showstack?items=5&options=full,1400061626,d2e468
d2e468,127.0.0.1,GET,http://bolt-site.localhost/backend/editcontent/news/24,1400061626,
0adf84,127.0.0.1,GET,http://bolt-site.localhost/async/dashboardnews,1400061654,b4911e
0f6160,127.0.0.1,GET,http://bolt-site.localhost/async/showstack?items=7&options=full,1400061654,b4911e
eb8a42,127.0.0.1,GET,http://bolt-site.localhost/async/latestactivity,1400061654,b4911e
b4911e,127.0.0.1,GET,http://bolt-site.localhost/backend/,1400061654,
cac901,127.0.0.1,GET,http://bolt-site.localhost/async/dashboardnews,1400062126,563477
ecb5d1,127.0.0.1,GET,http://bolt-site.localhost/async/showstack?items=7&options=full,1400062126,563477
ac0334,127.0.0.1,GET,http://bolt-site.localhost/async/latestactivity,1400062141,563477
563477,127.0.0.1,GET,http://bolt-site.localhost/backend/,1400062141,
